alert_id,loan_id,customer_id,transaction_id,detection_date,alert_type,alert_category,risk_score,risk_level,detection_method,rule_triggered,alert_description,assigned_to,investigation_status,investigation_notes,resolution_date,financial_impact
FRDFB4019B1A6,LOAN0000000794,CUST00003987,,2026-02-10,Early Payment Default,Transaction Fraud,69,High,Behavioral Analysis,No payments made since disbursement,Loan defaulted within first 3 months. DPD: 44 days,COLLECT01,New,,,1914955.61
FRDA1C9A68172,LOAN0000000799,CUST00005627,,2026-02-10,Early Payment Default,Transaction Fraud,92,Critical,Behavioral Analysis,Immediate delinquency pattern,Loan defaulted within first 3 months. DPD: 156 days,COLLECT18,In Progress,,,1460492.14
FRDC7AD705FA8,LOAN0000001489,CUST00015137,,2026-02-10,Early Payment Default,Transaction Fraud,75,High,Behavioral Analysis,Immediate delinquency pattern,Loan defaulted within first 3 months. DPD: 73 days,COLLECT20,New,,,483070.27
FRD4AD0E1AF2B,LOAN0000001977,CUST00022869,,2026-02-09,Early Payment Default,Transaction Fraud,87,Critical,Behavioral Analysis,Immediate delinquency pattern,Loan defaulted within first 3 months. DPD: 80 days,COLLECT16,In Progress,,,2046562.66
FRD7A0A2FD457,LOAN0000002548,CUST00023750,,2026-02-10,Early Payment Default,Transaction Fraud,67,High,Behavioral Analysis,Immediate delinquency pattern,Loan defaulted within first 3 months. DPD: 54 days,COLLECT26,New,,,669836.07
FRDFFFA4662C4,LOAN0000003462,CUST00020532,,2026-02-12,Early Payment Default,Transaction Fraud,83,Critical,Behavioral Analysis,Default within first 3 months,Loan defaulted within first 3 months. DPD: 44 days,COLLECT11,In Progress,,,747008.53
FRDFD1FE10D9A,LOAN0000004742,CUST00011271,,2026-02-07,Early Payment Default,Transaction Fraud,85,Critical,Behavioral Analysis,Immediate delinquency pattern,Loan defaulted within first 3 months. DPD: 39 days,COLLECT23,Confirmed,Fraud confirmed after investigation. Legal action initiated,2026-02-08 22:32:48.162382,1706657.52
FRD2AD4CCF834,LOAN0000004811,CUST00023508,,2026-02-07,Early Payment Default,Transaction Fraud,73,High,Behavioral Analysis,No payments made since disbursement,Loan defaulted within first 3 months. DPD: 59 days,COLLECT07,New,,,1128329.65
FRD9E1785F67B,LOAN0000005160,CUST00002936,,2026-02-12,Early Payment Default,Transaction Fraud,81,Critical,Behavioral Analysis,No payments made since disbursement,Loan defaulted within first 3 months. DPD: 68 days,COLLECT08,New,,,584287.69
FRD68BBA00FB5,LOAN0000005802,CUST00002894,,2026-02-07,Early Payment Default,Transaction Fraud,70,High,Behavioral Analysis,Default within first 3 months,Loan defaulted within first 3 months. DPD: 42 days,COLLECT06,Confirmed,Fraud confirmed after investigation. Loan written off,2026-01-18 22:32:48.162401,120510.18
FRDB23CD444B3,LOAN0000005808,CUST00001069,,2026-02-07,Early Payment Default,Transaction Fraud,83,Critical,Behavioral Analysis,Default within first 3 months,Loan defaulted within first 3 months. DPD: 49 days,COLLECT03,New,,,1222669.09
FRD22A8F5A962,LOAN0000006029,CUST00010036,,2026-02-09,Early Payment Default,Transaction Fraud,70,High,Behavioral Analysis,No payments made since disbursement,Loan defaulted within first 3 months. DPD: 57 days,COLLECT15,New,,,644547.9
FRD8C99DAF886,LOAN0000006132,CUST00005717,,2026-02-10,Early Payment Default,Transaction Fraud,63,High,Behavioral Analysis,Default within first 3 months,Loan defaulted within first 3 months. DPD: 47 days,COLLECT03,Confirmed,Fraud confirmed after investigation. Loan written off,2026-01-14 22:32:48.162405,1485362.45
FRDBA9F1AD65F,LOAN0000006199,CUST00006385,,2026-02-07,Early Payment Default,Transaction Fraud,88,Critical,Behavioral Analysis,Immediate delinquency pattern,Loan defaulted within first 3 months. DPD: 133 days,COLLECT12,Confirmed,Fraud confirmed after investigation. Recovery in progress,2026-01-30 22:32:48.162407,724744.53
FRD9605CD26C1,LOAN0000006796,CUST00010368,,2026-02-12,Early Payment Default,Transaction Fraud,85,Critical,Behavioral Analysis,Default within first 3 months,Loan defaulted within first 3 months. DPD: 84 days,COLLECT17,In Progress,,,527352.13
FRD30D5F571A5,LOAN0000007123,CUST00008584,,2026-02-11,Early Payment Default,Transaction Fraud,73,High,Behavioral Analysis,No payments made since disbursement,Loan defaulted within first 3 months. DPD: 74 days,COLLECT05,In Progress,,,231950.76
FRD934D4059F6,LOAN0000007346,CUST00007680,,2026-02-09,Early Payment Default,Transaction Fraud,72,High,Behavioral Analysis,Default within first 3 months,Loan defaulted within first 3 months. DPD: 166 days,COLLECT08,Confirmed,Fraud confirmed after investigation. Legal action initiated,2026-01-17 22:32:48.162410,437215.14
FRDA52ECC0F69,LOAN0000007913,CUST00008675,,2026-02-07,Early Payment Default,Transaction Fraud,82,Critical,Behavioral Analysis,Default within first 3 months,Loan defaulted within first 3 months. DPD: 132 days,COLLECT02,New,,,800641.95
FRDF54D0674D3,LOAN0000008292,CUST00013629,,2026-02-09,Early Payment Default,Transaction Fraud,76,High,Behavioral Analysis,Default within first 3 months,Loan defaulted within first 3 months. DPD: 102 days,COLLECT19,New,,,1368245.27
FRD35245DF437,LOAN0000008974,CUST00022560,,2026-02-12,Early Payment Default,Transaction Fraud,80,Critical,Behavioral Analysis,No payments made since disbursement,Loan defaulted within first 3 months. DPD: 59 days,COLLECT08,Confirmed,Fraud confirmed after investigation. Legal action initiated,2026-01-30 22:32:48.162412,1072097.93
FRD0C639364C2,LOAN0000009752,CUST00016417,,2026-02-08,Early Payment Default,Transaction Fraud,73,High,Behavioral Analysis,Default within first 3 months,Loan defaulted within first 3 months. DPD: 91 days,COLLECT04,New,,,173366.38
FRD1B4000D3DD,LOAN0000000378,CUST00022256,,2026-02-06,Early Payment Default,Transaction Fraud,73,High,Behavioral Analysis,No payments made since disbursement,Loan defaulted within first 3 months. DPD: 65 days,COLLECT21,Confirmed,Fraud confirmed after investigation. Legal action initiated,2026-01-27 22:32:48.162414,241006.14
FRD9E22FE6428,LOAN0000000826,CUST00013549,,2026-02-08,Early Payment Default,Transaction Fraud,61,High,Behavioral Analysis,Default within first 3 months,Loan defaulted within first 3 months. DPD: 40 days,COLLECT27,Confirmed,Fraud confirmed after investigation. Loan written off,2026-02-04 22:32:48.162416,694187.12
FRD4DEBDD6BEA,LOAN0000001035,CUST00019078,,2026-02-07,Early Payment Default,Transaction Fraud,78,High,Behavioral Analysis,Default within first 3 months,Loan defaulted within first 3 months. DPD: 80 days,COLLECT16,Confirmed,Fraud confirmed after investigation. Loan written off,2026-01-24 22:32:48.162418,929750.55
FRD3C45A74456,LOAN0000001355,CUST00016015,,2026-02-11,Early Payment Default,Transaction Fraud,84,Critical,Behavioral Analysis,No payments made since disbursement,Loan defaulted within first 3 months. DPD: 54 days,COLLECT20,New,,,566747.2
FRD5C88C4DD0C,LOAN0000001528,CUST00002806,,2026-02-08,Early Payment Default,Transaction Fraud,61,High,Behavioral Analysis,Default within first 3 months,Loan defaulted within first 3 months. DPD: 57 days,COLLECT19,New,,,747976.85
FRDB124FCF172,LOAN0000001573,CUST00024866,,2026-02-10,Early Payment Default,Transaction Fraud,79,High,Behavioral Analysis,No payments made since disbursement,Loan defaulted within first 3 months. DPD: 44 days,COLLECT18,New,,,808760.24
FRDCFEBED48A9,LOAN0000001745,CUST00021141,,2026-02-06,Early Payment Default,Transaction Fraud,78,High,Behavioral Analysis,Default within first 3 months,Loan defaulted within first 3 months. DPD: 104 days,COLLECT18,New,,,74662.07
FRD11B66B5FAB,LOAN0000002111,CUST00009133,,2026-02-10,Early Payment Default,Transaction Fraud,82,Critical,Behavioral Analysis,Immediate delinquency pattern,Loan defaulted within first 3 months. DPD: 146 days,COLLECT21,In Progress,,,913376.89
FRD77EB14CC53,LOAN0000003454,CUST00017099,,2026-02-07,Early Payment Default,Transaction Fraud,62,High,Behavioral Analysis,Default within first 3 months,Loan defaulted within first 3 months. DPD: 34 days,COLLECT01,New,,,1077274.49
FRDB7168AFAB9,LOAN0000005081,CUST00015438,,2026-02-10,Early Payment Default,Transaction Fraud,87,Critical,Behavioral Analysis,Default within first 3 months,Loan defaulted within first 3 months. DPD: 176 days,COLLECT05,Confirmed,Fraud confirmed after investigation. Loan written off,2026-02-02 22:32:48.162421,2355751.68
FRD51D1B4FEE2,LOAN0000005320,CUST00022882,,2026-02-08,Early Payment Default,Transaction Fraud,69,High,Behavioral Analysis,No payments made since disbursement,Loan defaulted within first 3 months. DPD: 152 days,COLLECT10,New,,,207965.26
FRD35699C7452,LOAN0000005397,CUST00018120,,2026-02-11,Early Payment Default,Transaction Fraud,69,High,Behavioral Analysis,Default within first 3 months,Loan defaulted within first 3 months. DPD: 69 days,COLLECT11,New,,,817390.88
FRD03970F3921,LOAN0000005654,CUST00008825,,2026-02-09,Early Payment Default,Transaction Fraud,81,Critical,Behavioral Analysis,Default within first 3 months,Loan defaulted within first 3 months. DPD: 93 days,COLLECT13,Confirmed,Fraud confirmed after investigation. Recovery in progress,2026-01-17 22:32:48.162423,1735211.49
FRD0FC3942B4D,LOAN0000006003,CUST00007699,,2026-02-11,Early Payment Default,Transaction Fraud,74,High,Behavioral Analysis,Default within first 3 months,Loan defaulted within first 3 months. DPD: 41 days,COLLECT29,Confirmed,Fraud confirmed after investigation. Recovery in progress,2026-01-17 22:32:48.162425,144956.36
FRD55DE67C5D2,LOAN0000006089,CUST00013995,,2026-02-08,Early Payment Default,Transaction Fraud,66,High,Behavioral Analysis,Default within first 3 months,Loan defaulted within first 3 months. DPD: 62 days,COLLECT05,In Progress,,,2022063.31
FRD7102DF56AC,LOAN0000007338,CUST00001312,,2026-02-10,Early Payment Default,Transaction Fraud,87,Critical,Behavioral Analysis,No payments made since disbursement,Loan defaulted within first 3 months. DPD: 73 days,COLLECT12,New,,,834608.24
FRD1CDE562B7B,LOAN0000007464,CUST00022464,,2026-02-07,Early Payment Default,Transaction Fraud,95,Critical,Behavioral Analysis,No payments made since disbursement,Loan defaulted within first 3 months. DPD: 109 days,COLLECT02,In Progress,,,574650.96
FRD9F496BBB47,LOAN0000007603,CUST00010794,,2026-02-10,Early Payment Default,Transaction Fraud,79,High,Behavioral Analysis,No payments made since disbursement,Loan defaulted within first 3 months. DPD: 47 days,COLLECT25,New,,,871537.67
FRDF5B63EFC34,LOAN0000008176,CUST00004797,,2026-02-07,Early Payment Default,Transaction Fraud,67,High,Behavioral Analysis,No payments made since disbursement,Loan defaulted within first 3 months. DPD: 46 days,COLLECT15,Confirmed,Fraud confirmed after investigation. Loan written off,2026-01-16 22:32:48.162427,477605.07
FRD47712D13CC,LOAN0000008343,CUST00004266,,2026-02-10,Early Payment Default,Transaction Fraud,87,Critical,Behavioral Analysis,Default within first 3 months,Loan defaulted within first 3 months. DPD: 57 days,COLLECT02,In Progress,,,1078594.36
FRD697DF43E36,LOAN0000008415,CUST00019262,,2026-02-11,Early Payment Default,Transaction Fraud,60,High,Behavioral Analysis,No payments made since disbursement,Loan defaulted within first 3 months. DPD: 36 days,COLLECT02,New,,,176147.11
FRDCA45C8EAD5,LOAN0000008729,CUST00020416,,2026-02-09,Early Payment Default,Transaction Fraud,77,High,Behavioral Analysis,Default within first 3 months,Loan defaulted within first 3 months. DPD: 142 days,COLLECT23,Confirmed,Fraud confirmed after investigation. Recovery in progress,2026-02-02 22:32:48.162429,675857.43
FRD84D9D7176A,LOAN0000008979,CUST00007713,,2026-02-06,Early Payment Default,Transaction Fraud,73,High,Behavioral Analysis,No payments made since disbursement,Loan defaulted within first 3 months. DPD: 46 days,COLLECT12,New,,,907608.04
FRDB772277572,LOAN0000009399,CUST00021769,,2026-02-09,Early Payment Default,Transaction Fraud,81,Critical,Behavioral Analysis,Default within first 3 months,Loan defaulted within first 3 months. DPD: 54 days,COLLECT21,In Progress,,,4051169.02
FRD717AE855E6,LOAN0000000657,CUST00023196,,2026-02-08,Early Payment Default,Transaction Fraud,77,High,Behavioral Analysis,No payments made since disbursement,Loan defaulted within first 3 months. DPD: 31 days,COLLECT25,New,,,384653.56
FRD51623BAB4C,LOAN0000001610,CUST00012294,,2026-02-09,Early Payment Default,Transaction Fraud,81,Critical,Behavioral Analysis,Default within first 3 months,Loan defaulted within first 3 months. DPD: 90 days,COLLECT11,In Progress,,,297840.02
FRD337D45A52A,LOAN0000001907,CUST00021873,,2026-02-06,Early Payment Default,Transaction Fraud,63,High,Behavioral Analysis,No payments made since disbursement,Loan defaulted within first 3 months. DPD: 71 days,COLLECT30,New,,,278735.85
FRDF9F927A6E0,LOAN0000002768,CUST00007822,,2026-02-08,Early Payment Default,Transaction Fraud,74,High,Behavioral Analysis,Immediate delinquency pattern,Loan defaulted within first 3 months. DPD: 40 days,COLLECT17,In Progress,,,1053609.44
FRD997C9CA59A,LOAN0000002782,CUST00024541,,2026-02-08,Early Payment Default,Transaction Fraud,70,High,Behavioral Analysis,No payments made since disbursement,Loan defaulted within first 3 months. DPD: 72 days,COLLECT13,Confirmed,Fraud confirmed after investigation. Legal action initiated,2026-01-25 22:32:48.162431,960295.81
FRDAD0AD16F2C,LOAN0000005143,CUST00014945,,2026-02-07,Early Payment Default,Transaction Fraud,67,High,Behavioral Analysis,No payments made since disbursement,Loan defaulted within first 3 months. DPD: 58 days,COLLECT13,New,,,1226444.04
FRD319FA29BCB,LOAN0000005458,CUST00014786,,2026-02-08,Early Payment Default,Transaction Fraud,85,Critical,Behavioral Analysis,Default within first 3 months,Loan defaulted within first 3 months. DPD: 89 days,COLLECT08,In Progress,,,260345.8
FRD8889FCC853,LOAN0000005555,CUST00023273,,2026-02-10,Early Payment Default,Transaction Fraud,82,Critical,Behavioral Analysis,Default within first 3 months,Loan defaulted within first 3 months. DPD: 49 days,COLLECT24,New,,,1207258.29
FRDB176CF1B7A,LOAN0000005584,CUST00018047,,2026-02-08,Early Payment Default,Transaction Fraud,67,High,Behavioral Analysis,Default within first 3 months,Loan defaulted within first 3 months. DPD: 57 days,COLLECT20,New,,,1093728.05
FRD7A6408A84B,LOAN0000006071,CUST00013626,,2026-02-12,Early Payment Default,Transaction Fraud,76,High,Behavioral Analysis,Immediate delinquency pattern,Loan defaulted within first 3 months. DPD: 56 days,COLLECT28,New,,,271067.26
FRD8265B8936E,LOAN0000006936,CUST00001549,,2026-02-11,Early Payment Default,Transaction Fraud,76,High,Behavioral Analysis,Default within first 3 months,Loan defaulted within first 3 months. DPD: 44 days,COLLECT23,In Progress,,,1113940.61
FRDC7938AC414,LOAN0000007282,CUST00021771,,2026-02-09,Early Payment Default,Transaction Fraud,80,Critical,Behavioral Analysis,Immediate delinquency pattern,Loan defaulted within first 3 months. DPD: 45 days,COLLECT28,In Progress,,,237487.9
FRD30421E6B96,LOAN0000007302,CUST00005107,,2026-02-06,Early Payment Default,Transaction Fraud,64,High,Behavioral Analysis,No payments made since disbursement,Loan defaulted within first 3 months. DPD: 40 days,COLLECT07,In Progress,,,1073377.22
FRDBD6E34F077,LOAN0000007760,CUST00004655,,2026-02-06,Early Payment Default,Transaction Fraud,75,High,Behavioral Analysis,Default within first 3 months,Loan defaulted within first 3 months. DPD: 111 days,COLLECT10,New,,,1447619.92
FRD22FAB0171C,LOAN0000007871,CUST00022603,,2026-02-12,Early Payment Default,Transaction Fraud,84,Critical,Behavioral Analysis,No payments made since disbursement,Loan defaulted within first 3 months. DPD: 49 days,COLLECT30,New,,,2362169.93
FRDD934EFA597,LOAN0000008198,CUST00002953,,2026-02-09,Early Payment Default,Transaction Fraud,73,High,Behavioral Analysis,Immediate delinquency pattern,Loan defaulted within first 3 months. DPD: 32 days,COLLECT01,Confirmed,Fraud confirmed after investigation. Legal action initiated,2026-01-19 22:32:48.162433,413773.24
FRD0B0D096AF4,LOAN0000008964,CUST00009606,,2026-02-10,Early Payment Default,Transaction Fraud,74,High,Behavioral Analysis,Immediate delinquency pattern,Loan defaulted within first 3 months. DPD: 53 days,COLLECT16,New,,,269940.0
FRD5F55C7D43D,LOAN0000009101,CUST00000950,,2026-02-12,Early Payment Default,Transaction Fraud,73,High,Behavioral Analysis,Immediate delinquency pattern,Loan defaulted within first 3 months. DPD: 38 days,COLLECT15,New,,,1138024.75
FRD918F87EFA2,LOAN0000009637,CUST00024540,,2026-02-12,Early Payment Default,Transaction Fraud,71,High,Behavioral Analysis,Default within first 3 months,Loan defaulted within first 3 months. DPD: 33 days,COLLECT20,Confirmed,Fraud confirmed after investigation. Recovery in progress,2026-02-04 22:32:48.162436,728759.2
FRD9B2073F0C8,LOAN0000009644,CUST00016480,,2026-02-12,Early Payment Default,Transaction Fraud,85,Critical,Behavioral Analysis,Immediate delinquency pattern,Loan defaulted within first 3 months. DPD: 47 days,COLLECT01,New,,,521242.67
FRD49616CE4D4,LOAN0000000835,CUST00011004,,2026-02-12,Early Payment Default,Transaction Fraud,82,Critical,Behavioral Analysis,Immediate delinquency pattern,Loan defaulted within first 3 months. DPD: 175 days,COLLECT28,New,,,289025.09
FRD24F5D9AA12,LOAN0000001153,CUST00010992,,2026-02-10,Early Payment Default,Transaction Fraud,70,High,Behavioral Analysis,Default within first 3 months,Loan defaulted within first 3 months. DPD: 42 days,COLLECT22,New,,,659897.09
FRD6AA2EECB68,LOAN0000001505,CUST00022607,,2026-02-09,Early Payment Default,Transaction Fraud,73,High,Behavioral Analysis,Immediate delinquency pattern,Loan defaulted within first 3 months. DPD: 81 days,COLLECT23,Confirmed,Fraud confirmed after investigation. Recovery in progress,2026-01-17 22:32:48.162438,259979.76
FRD0F6DEB4B66,LOAN0000001741,CUST00001697,,2026-02-07,Early Payment Default,Transaction Fraud,75,High,Behavioral Analysis,Immediate delinquency pattern,Loan defaulted within first 3 months. DPD: 57 days,COLLECT06,In Progress,,,942173.85
FRDE5465EE8B8,LOAN0000002309,CUST00017990,,2026-02-12,Early Payment Default,Transaction Fraud,67,High,Behavioral Analysis,Immediate delinquency pattern,Loan defaulted within first 3 months. DPD: 35 days,COLLECT22,New,,,483053.17
FRD820ABFAD25,LOAN0000002425,CUST00009499,,2026-02-08,Early Payment Default,Transaction Fraud,70,High,Behavioral Analysis,No payments made since disbursement,Loan defaulted within first 3 months. DPD: 41 days,COLLECT26,New,,,1171896.44
FRD82BE0FAD26,LOAN0000003071,CUST00019001,,2026-02-11,Early Payment Default,Transaction Fraud,76,High,Behavioral Analysis,No payments made since disbursement,Loan defaulted within first 3 months. DPD: 119 days,COLLECT29,New,,,849213.99
FRDDEEC51E3D9,LOAN0000003216,CUST00013026,,2026-02-10,Early Payment Default,Transaction Fraud,67,High,Behavioral Analysis,Default within first 3 months,Loan defaulted within first 3 months. DPD: 42 days,COLLECT28,In Progress,,,56594.33
FRDA3691C691D,LOAN0000003645,CUST00011074,,2026-02-07,Early Payment Default,Transaction Fraud,72,High,Behavioral Analysis,Default within first 3 months,Loan defaulted within first 3 months. DPD: 129 days,COLLECT01,In Progress,,,380141.51
FRDFB6AEC6675,LOAN0000003684,CUST00023067,,2026-02-11,Early Payment Default,Transaction Fraud,85,Critical,Behavioral Analysis,Default within first 3 months,Loan defaulted within first 3 months. DPD: 171 days,COLLECT26,In Progress,,,312078.07
FRDEB450ED32A,LOAN0000003859,CUST00006927,,2026-02-06,Early Payment Default,Transaction Fraud,76,High,Behavioral Analysis,Immediate delinquency pattern,Loan defaulted within first 3 months. DPD: 49 days,COLLECT23,New,,,780711.18
FRD4D1217B554,LOAN0000005014,CUST00003315,,2026-02-11,Early Payment Default,Transaction Fraud,82,Critical,Behavioral Analysis,Immediate delinquency pattern,Loan defaulted within first 3 months. DPD: 125 days,COLLECT01,New,,,305598.08
FRDCF6609414A,LOAN0000005284,CUST00009541,,2026-02-08,Early Payment Default,Transaction Fraud,63,High,Behavioral Analysis,Default within first 3 months,Loan defaulted within first 3 months. DPD: 72 days,COLLECT24,In Progress,,,357367.14
FRDF00CAAC1BF,LOAN0000005636,CUST00020626,,2026-02-06,Early Payment Default,Transaction Fraud,88,Critical,Behavioral Analysis,No payments made since disbursement,Loan defaulted within first 3 months. DPD: 63 days,COLLECT10,New,,,849433.19
FRD9C5C862003,LOAN0000005668,CUST00007311,,2026-02-10,Early Payment Default,Transaction Fraud,71,High,Behavioral Analysis,No payments made since disbursement,Loan defaulted within first 3 months. DPD: 40 days,COLLECT06,Confirmed,Fraud confirmed after investigation. Loan written off,2026-01-25 22:32:48.162440,381342.64
FRD0CDFE135C3,LOAN0000006899,CUST00013128,,2026-02-12,Early Payment Default,Transaction Fraud,82,Critical,Behavioral Analysis,No payments made since disbursement,Loan defaulted within first 3 months. DPD: 167 days,COLLECT28,Confirmed,Fraud confirmed after investigation. Loan written off,2026-02-05 22:32:48.162442,572192.07
FRDF671D61B42,LOAN0000007552,CUST00018717,,2026-02-10,Early Payment Default,Transaction Fraud,90,Critical,Behavioral Analysis,Default within first 3 months,Loan defaulted within first 3 months. DPD: 83 days,COLLECT07,New,,,1965671.64
FRD44F9541A39,LOAN0000008021,CUST00010155,,2026-02-11,Early Payment Default,Transaction Fraud,84,Critical,Behavioral Analysis,Default within first 3 months,Loan defaulted within first 3 months. DPD: 32 days,COLLECT18,In Progress,,,756867.06
FRD10A102BB39,LOAN0000008073,CUST00001065,,2026-02-09,Early Payment Default,Transaction Fraud,75,High,Behavioral Analysis,No payments made since disbursement,Loan defaulted within first 3 months. DPD: 64 days,COLLECT09,In Progress,,,800156.99
FRDE5E849FECE,LOAN0000008346,CUST00012327,,2026-02-11,Early Payment Default,Transaction Fraud,74,High,Behavioral Analysis,Default within first 3 months,Loan defaulted within first 3 months. DPD: 48 days,COLLECT29,In Progress,,,990031.4
FRD80171EC605,LOAN0000000985,CUST00015045,,2026-02-06,Early Payment Default,Transaction Fraud,81,Critical,Behavioral Analysis,Default within first 3 months,Loan defaulted within first 3 months. DPD: 35 days,COLLECT04,Confirmed,Fraud confirmed after investigation. Legal action initiated,2026-02-10 22:32:48.162444,508467.3
FRD2E4BF558DE,LOAN0000001534,CUST00017454,,2026-02-10,Early Payment Default,Transaction Fraud,94,Critical,Behavioral Analysis,No payments made since disbursement,Loan defaulted within first 3 months. DPD: 145 days,COLLECT21,New,,,977926.46
FRD1A05D1A02F,LOAN0000001875,CUST00015443,,2026-02-09,Early Payment Default,Transaction Fraud,79,High,Behavioral Analysis,No payments made since disbursement,Loan defaulted within first 3 months. DPD: 52 days,COLLECT22,New,,,2131514.28
FRDFC0664BE35,LOAN0000002236,CUST00003821,,2026-02-08,Early Payment Default,Transaction Fraud,77,High,Behavioral Analysis,No payments made since disbursement,Loan defaulted within first 3 months. DPD: 61 days,COLLECT03,Confirmed,Fraud confirmed after investigation. Loan written off,2026-02-06 22:32:48.162446,1092995.51
FRD02CE629F32,LOAN0000002382,CUST00024848,,2026-02-08,Early Payment Default,Transaction Fraud,71,High,Behavioral Analysis,Default within first 3 months,Loan defaulted within first 3 months. DPD: 110 days,COLLECT06,Confirmed,Fraud confirmed after investigation. Legal action initiated,2026-02-04 22:32:48.162447,171388.03
FRD883ED3558E,LOAN0000003450,CUST00022512,,2026-02-09,Early Payment Default,Transaction Fraud,77,High,Behavioral Analysis,Default within first 3 months,Loan defaulted within first 3 months. DPD: 146 days,COLLECT21,Confirmed,Fraud confirmed after investigation. Recovery in progress,2026-01-16 22:32:48.162449,1699726.8
FRD70353E7266,LOAN0000005190,CUST00016702,,2026-02-06,Early Payment Default,Transaction Fraud,66,High,Behavioral Analysis,Default within first 3 months,Loan defaulted within first 3 months. DPD: 73 days,COLLECT06,New,,,603115.87
FRD169DCBB13B,LOAN0000005475,CUST00000728,,2026-02-06,Early Payment Default,Transaction Fraud,86,Critical,Behavioral Analysis,Immediate delinquency pattern,Loan defaulted within first 3 months. DPD: 88 days,COLLECT11,New,,,955868.69
FRD17240FCB07,LOAN0000005741,CUST00017564,,2026-02-06,Early Payment Default,Transaction Fraud,71,High,Behavioral Analysis,Default within first 3 months,Loan defaulted within first 3 months. DPD: 89 days,COLLECT12,New,,,573307.25
FRD0B60C19402,LOAN0000006699,CUST00022754,,2026-02-09,Early Payment Default,Transaction Fraud,67,High,Behavioral Analysis,No payments made since disbursement,Loan defaulted within first 3 months. DPD: 42 days,COLLECT23,New,,,302274.42
FRDFF5D409F3E,LOAN0000006928,CUST00020602,,2026-02-09,Early Payment Default,Transaction Fraud,87,Critical,Behavioral Analysis,No payments made since disbursement,Loan defaulted within first 3 months. DPD: 172 days,COLLECT08,Confirmed,Fraud confirmed after investigation. Loan written off,2026-01-19 22:32:48.162451,312801.62
FRDB8B3A54C35,LOAN0000006949,CUST00007921,,2026-02-09,Early Payment Default,Transaction Fraud,76,High,Behavioral Analysis,No payments made since disbursement,Loan defaulted within first 3 months. DPD: 49 days,COLLECT21,In Progress,,,368987.1
FRD8FD35EDE1C,LOAN0000007318,CUST00017026,,2026-02-10,Early Payment Default,Transaction Fraud,64,High,Behavioral Analysis,Default within first 3 months,Loan defaulted within first 3 months. DPD: 47 days,COLLECT16,In Progress,,,704816.19
FRD506EA27E02,LOAN0000007667,CUST00001548,,2026-02-08,Early Payment Default,Transaction Fraud,85,Critical,Behavioral Analysis,No payments made since disbursement,Loan defaulted within first 3 months. DPD: 50 days,COLLECT04,New,,,1600718.0
FRD8FF90F5F0F,LOAN0000007904,CUST00014669,,2026-02-07,Early Payment Default,Transaction Fraud,74,High,Behavioral Analysis,Default within first 3 months,Loan defaulted within first 3 months. DPD: 78 days,COLLECT24,New,,,3493762.33
FRD39048C6B4C,LOAN0000007954,CUST00008848,,2026-02-06,Early Payment Default,Transaction Fraud,65,High,Behavioral Analysis,No payments made since disbursement,Loan defaulted within first 3 months. DPD: 52 days,COLLECT24,Confirmed,Fraud confirmed after investigation. Recovery in progress,2026-02-04 22:32:48.162453,572206.7
FRD3195455114,LOAN0000008387,CUST00006747,,2026-02-08,Early Payment Default,Transaction Fraud,70,High,Behavioral Analysis,Immediate delinquency pattern,Loan defaulted within first 3 months. DPD: 31 days,COLLECT22,New,,,1667678.52
FRD1908B2A988,LOAN0000009194,CUST00021932,,2026-02-06,Early Payment Default,Transaction Fraud,83,Critical,Behavioral Analysis,Default within first 3 months,Loan defaulted within first 3 months. DPD: 37 days,COLLECT09,New,,,4654132.65
FRD0B1B6B7D83,LOAN0000009216,CUST00012775,,2026-02-11,Early Payment Default,Transaction Fraud,67,High,Behavioral Analysis,Default within first 3 months,Loan defaulted within first 3 months. DPD: 34 days,COLLECT30,Confirmed,Fraud confirmed after investigation. Recovery in progress,2026-01-16 22:32:48.162455,1989095.29
FRD208EC9C04C,LOAN0000009228,CUST00004411,,2026-02-08,Early Payment Default,Transaction Fraud,90,Critical,Behavioral Analysis,Immediate delinquency pattern,Loan defaulted within first 3 months. DPD: 85 days,COLLECT02,Confirmed,Fraud confirmed after investigation. Loan written off,2026-01-16 22:32:48.162458,576265.13
FRDF3FF475AEA,LOAN0000009479,CUST00024899,,2026-02-12,Early Payment Default,Transaction Fraud,84,Critical,Behavioral Analysis,Default within first 3 months,Loan defaulted within first 3 months. DPD: 87 days,COLLECT24,Confirmed,Fraud confirmed after investigation. Recovery in progress,2026-01-26 22:32:48.162460,508017.76
FRD4D0C93D68B,LOAN0000009974,CUST00015539,,2026-02-07,Early Payment Default,Transaction Fraud,66,High,Behavioral Analysis,No payments made since disbursement,Loan defaulted within first 3 months. DPD: 57 days,COLLECT17,New,,,70526.61
FRD36538DAD18,LOAN0000000181,CUST00011265,,2026-02-10,Early Payment Default,Transaction Fraud,94,Critical,Behavioral Analysis,No payments made since disbursement,Loan defaulted within first 3 months. DPD: 105 days,COLLECT05,Confirmed,Fraud confirmed after investigation. Loan written off,2026-01-20 22:32:48.162462,1310005.88
FRDF5141C5318,LOAN0000000240,CUST00023432,,2026-02-11,Early Payment Default,Transaction Fraud,88,Critical,Behavioral Analysis,Default within first 3 months,Loan defaulted within first 3 months. DPD: 125 days,COLLECT10,New,,,816663.27
FRDC460B2851A,LOAN0000000866,CUST00013708,,2026-02-10,Early Payment Default,Transaction Fraud,78,High,Behavioral Analysis,Default within first 3 months,Loan defaulted within first 3 months. DPD: 53 days,COLLECT02,In Progress,,,1398640.91
FRDAA0808DA69,LOAN0000001249,CUST00004201,,2026-02-10,Early Payment Default,Transaction Fraud,73,High,Behavioral Analysis,Immediate delinquency pattern,Loan defaulted within first 3 months. DPD: 53 days,COLLECT09,In Progress,,,2475145.58
FRDCFF53EDE3C,LOAN0000001344,CUST00007786,,2026-02-07,Early Payment Default,Transaction Fraud,65,High,Behavioral Analysis,Default within first 3 months,Loan defaulted within first 3 months. DPD: 36 days,COLLECT26,New,,,1014379.26
FRD4CEF7AE088,LOAN0000001446,CUST00012940,,2026-02-12,Early Payment Default,Transaction Fraud,90,Critical,Behavioral Analysis,Default within first 3 months,Loan defaulted within first 3 months. DPD: 142 days,COLLECT21,Confirmed,Fraud confirmed after investigation. Legal action initiated,2026-02-06 22:32:48.162463,502157.73
FRD86D84E588C,LOAN0000001490,CUST00007961,,2026-02-10,Early Payment Default,Transaction Fraud,75,High,Behavioral Analysis,No payments made since disbursement,Loan defaulted within first 3 months. DPD: 58 days,COLLECT29,New,,,244879.89
FRD46F2BEFEF2,LOAN0000001717,CUST00018814,,2026-02-10,Early Payment Default,Transaction Fraud,90,Critical,Behavioral Analysis,No payments made since disbursement,Loan defaulted within first 3 months. DPD: 139 days,COLLECT19,Confirmed,Fraud confirmed after investigation. Legal action initiated,2026-01-17 22:32:48.162466,3454392.84
FRDB681884F48,LOAN0000001790,CUST00010658,,2026-02-07,Early Payment Default,Transaction Fraud,82,Critical,Behavioral Analysis,No payments made since disbursement,Loan defaulted within first 3 months. DPD: 72 days,COLLECT19,New,,,704669.75
FRD26B0B2E475,LOAN0000002086,CUST00005253,,2026-02-08,Early Payment Default,Transaction Fraud,88,Critical,Behavioral Analysis,No payments made since disbursement,Loan defaulted within first 3 months. DPD: 116 days,COLLECT13,New,,,493144.62
FRDC2D252F44F,LOAN0000002549,CUST00000304,,2026-02-06,Early Payment Default,Transaction Fraud,84,Critical,Behavioral Analysis,Immediate delinquency pattern,Loan defaulted within first 3 months. DPD: 148 days,COLLECT13,In Progress,,,662059.89
FRD0F791C2818,LOAN0000002692,CUST00013541,,2026-02-11,Early Payment Default,Transaction Fraud,82,Critical,Behavioral Analysis,Immediate delinquency pattern,Loan defaulted within first 3 months. DPD: 84 days,COLLECT12,Confirmed,Fraud confirmed after investigation. Loan written off,2026-01-31 22:32:48.162468,2209146.49
FRD2B5374F160,LOAN0000003090,CUST00000074,,2026-02-08,Early Payment Default,Transaction Fraud,85,Critical,Behavioral Analysis,No payments made since disbursement,Loan defaulted within first 3 months. DPD: 95 days,COLLECT27,In Progress,,,1579114.09
FRDA86B25D559,LOAN0000003191,CUST00013405,,2026-02-11,Early Payment Default,Transaction Fraud,74,High,Behavioral Analysis,No payments made since disbursement,Loan defaulted within first 3 months. DPD: 78 days,COLLECT09,New,,,1902649.1
FRD77D3ED3D69,LOAN0000004449,CUST00009877,,2026-02-11,Early Payment Default,Transaction Fraud,82,Critical,Behavioral Analysis,No payments made since disbursement,Loan defaulted within first 3 months. DPD: 54 days,COLLECT25,Confirmed,Fraud confirmed after investigation. Recovery in progress,2026-01-20 22:32:48.162470,216848.26
FRD523423E29A,LOAN0000005716,CUST00024572,,2026-02-11,Early Payment Default,Transaction Fraud,82,Critical,Behavioral Analysis,Default within first 3 months,Loan defaulted within first 3 months. DPD: 71 days,COLLECT13,New,,,3440109.12
FRDBB5759F3CD,LOAN0000005952,CUST00000619,,2026-02-07,Early Payment Default,Transaction Fraud,82,Critical,Behavioral Analysis,Immediate delinquency pattern,Loan defaulted within first 3 months. DPD: 46 days,COLLECT17,New,,,1923247.31
FRDC93EA6EDFB,LOAN0000006393,CUST00021794,,2026-02-12,Early Payment Default,Transaction Fraud,76,High,Behavioral Analysis,No payments made since disbursement,Loan defaulted within first 3 months. DPD: 64 days,COLLECT06,Confirmed,Fraud confirmed after investigation. Legal action initiated,2026-02-10 22:32:48.162472,1865905.61
FRD1F8358E226,LOAN0000007760,CUST00023192,,2026-02-12,Early Payment Default,Transaction Fraud,67,High,Behavioral Analysis,Immediate delinquency pattern,Loan defaulted within first 3 months. DPD: 44 days,COLLECT03,Confirmed,Fraud confirmed after investigation. Loan written off,2026-01-30 22:32:48.162474,736046.55
FRD585D529E22,LOAN0000008205,CUST00005366,,2026-02-09,Early Payment Default,Transaction Fraud,80,Critical,Behavioral Analysis,No payments made since disbursement,Loan defaulted within first 3 months. DPD: 132 days,COLLECT06,In Progress,,,1266836.95
FRDC3B92AFDA7,LOAN0000008639,CUST00024430,,2026-02-12,Early Payment Default,Transaction Fraud,65,High,Behavioral Analysis,Default within first 3 months,Loan defaulted within first 3 months. DPD: 39 days,COLLECT04,In Progress,,,1008929.37
FRD2916A3F3D0,LOAN0000008800,CUST00019236,,2026-02-11,Early Payment Default,Transaction Fraud,87,Critical,Behavioral Analysis,Immediate delinquency pattern,Loan defaulted within first 3 months. DPD: 85 days,COLLECT06,In Progress,,,811057.34
FRD6EAE9668A9,LOAN0000009438,CUST00011445,,2026-02-09,Early Payment Default,Transaction Fraud,85,Critical,Behavioral Analysis,Default within first 3 months,Loan defaulted within first 3 months. DPD: 61 days,COLLECT25,New,,,1474782.71
FRDAC19DA9FF4,LOAN0000009683,CUST00017561,,2026-02-07,Early Payment Default,Transaction Fraud,81,Critical,Behavioral Analysis,No payments made since disbursement,Loan defaulted within first 3 months. DPD: 54 days,COLLECT10,In Progress,,,2524961.51
FRDA2937B2803,LOAN0000000842,CUST00001155,,2026-02-11,Early Payment Default,Transaction Fraud,72,High,Behavioral Analysis,Default within first 3 months,Loan defaulted within first 3 months. DPD: 74 days,COLLECT28,In Progress,,,373051.76
FRD4BF803E73C,LOAN0000000852,CUST00011549,,2026-02-09,Early Payment Default,Transaction Fraud,84,Critical,Behavioral Analysis,No payments made since disbursement,Loan defaulted within first 3 months. DPD: 83 days,COLLECT06,In Progress,,,516341.5
FRD63B93849CF,LOAN0000001380,CUST00007327,,2026-02-09,Early Payment Default,Transaction Fraud,62,High,Behavioral Analysis,Default within first 3 months,Loan defaulted within first 3 months. DPD: 48 days,COLLECT13,Confirmed,Fraud confirmed after investigation. Loan written off,2026-02-10 22:32:48.162476,778597.5
FRD1F9C3E8BE0,LOAN0000001440,CUST00009618,,2026-02-06,Early Payment Default,Transaction Fraud,81,Critical,Behavioral Analysis,Default within first 3 months,Loan defaulted within first 3 months. DPD: 43 days,COLLECT13,New,,,705861.38
FRD2DF38FE03D,LOAN0000001544,CUST00021313,,2026-02-12,Early Payment Default,Transaction Fraud,76,High,Behavioral Analysis,No payments made since disbursement,Loan defaulted within first 3 months. DPD: 60 days,COLLECT26,In Progress,,,321378.32
FRD2453554A9F,LOAN0000002744,CUST00017428,,2026-02-06,Early Payment Default,Transaction Fraud,87,Critical,Behavioral Analysis,Default within first 3 months,Loan defaulted within first 3 months. DPD: 44 days,COLLECT06,New,,,988028.28
FRD9EB3C58675,LOAN0000003042,CUST00000246,,2026-02-09,Early Payment Default,Transaction Fraud,67,High,Behavioral Analysis,No payments made since disbursement,Loan defaulted within first 3 months. DPD: 43 days,COLLECT29,New,,,489226.35
FRDF2538A42FE,LOAN0000003636,CUST00006941,,2026-02-10,Early Payment Default,Transaction Fraud,83,Critical,Behavioral Analysis,Immediate delinquency pattern,Loan defaulted within first 3 months. DPD: 77 days,COLLECT10,New,,,690404.8
FRDD81023AA6F,LOAN0000003765,CUST00010758,,2026-02-07,Early Payment Default,Transaction Fraud,72,High,Behavioral Analysis,Default within first 3 months,Loan defaulted within first 3 months. DPD: 38 days,COLLECT13,In Progress,,,1136138.59
FRDB27C6188E6,LOAN0000004313,CUST00001019,,2026-02-07,Early Payment Default,Transaction Fraud,65,High,Behavioral Analysis,No payments made since disbursement,Loan defaulted within first 3 months. DPD: 44 days,COLLECT18,In Progress,,,511839.25
FRDFCCF26B208,LOAN0000004755,CUST00022245,,2026-02-09,Early Payment Default,Transaction Fraud,85,Critical,Behavioral Analysis,Default within first 3 months,Loan defaulted within first 3 months. DPD: 58 days,COLLECT02,New,,,446717.37
FRD83F593C0DD,LOAN0000004921,CUST00012488,,2026-02-12,Early Payment Default,Transaction Fraud,71,High,Behavioral Analysis,Default within first 3 months,Loan defaulted within first 3 months. DPD: 39 days,COLLECT29,New,,,396991.65
FRD6A9D029E27,LOAN0000005290,CUST00020177,,2026-02-10,Early Payment Default,Transaction Fraud,81,Critical,Behavioral Analysis,Default within first 3 months,Loan defaulted within first 3 months. DPD: 66 days,COLLECT21,New,,,281937.15
FRD5B7E76EC23,LOAN0000005955,CUST00010131,,2026-02-11,Early Payment Default,Transaction Fraud,71,High,Behavioral Analysis,No payments made since disbursement,Loan defaulted within first 3 months. DPD: 134 days,COLLECT25,New,,,1404192.69
FRD8EDA362D8E,LOAN0000006340,CUST00021147,,2026-02-12,Early Payment Default,Transaction Fraud,64,High,Behavioral Analysis,Immediate delinquency pattern,Loan defaulted within first 3 months. DPD: 33 days,COLLECT22,New,,,797912.39
FRD49364AA369,LOAN0000006558,CUST00010582,,2026-02-10,Early Payment Default,Transaction Fraud,67,High,Behavioral Analysis,Default within first 3 months,Loan defaulted within first 3 months. DPD: 54 days,COLLECT18,New,,,403684.75
FRD403AD89865,LOAN0000006618,CUST00001025,,2026-02-12,Early Payment Default,Transaction Fraud,74,High,Behavioral Analysis,Default within first 3 months,Loan defaulted within first 3 months. DPD: 63 days,COLLECT03,New,,,185134.8
FRDCBCE845A94,LOAN0000007187,CUST00002619,,2026-02-06,Early Payment Default,Transaction Fraud,66,High,Behavioral Analysis,Immediate delinquency pattern,Loan defaulted within first 3 months. DPD: 40 days,COLLECT24,In Progress,,,252121.43
FRDA2303ABE6C,LOAN0000007451,CUST00018055,,2026-02-09,Early Payment Default,Transaction Fraud,76,High,Behavioral Analysis,Immediate delinquency pattern,Loan defaulted within first 3 months. DPD: 31 days,COLLECT29,New,,,975470.44
FRD052CC6169C,LOAN0000007792,CUST00004025,,2026-02-07,Early Payment Default,Transaction Fraud,86,Critical,Behavioral Analysis,No payments made since disbursement,Loan defaulted within first 3 months. DPD: 72 days,COLLECT03,In Progress,,,869223.07
FRDEFF2D002A1,LOAN0000007966,CUST00017689,,2026-02-12,Early Payment Default,Transaction Fraud,88,Critical,Behavioral Analysis,Immediate delinquency pattern,Loan defaulted within first 3 months. DPD: 95 days,COLLECT09,New,,,203758.9
FRD9109D717F9,LOAN0000008261,CUST00002822,,2026-02-11,Early Payment Default,Transaction Fraud,79,High,Behavioral Analysis,No payments made since disbursement,Loan defaulted within first 3 months. DPD: 78 days,COLLECT21,Confirmed,Fraud confirmed after investigation. Loan written off,2026-01-27 22:32:48.162478,303071.35
FRD35871790A6,LOAN0000008288,CUST00022627,,2026-02-10,Early Payment Default,Transaction Fraud,74,High,Behavioral Analysis,No payments made since disbursement,Loan defaulted within first 3 months. DPD: 76 days,COLLECT14,New,,,117158.28
FRD9A80D575A5,LOAN0000008310,CUST00006148,,2026-02-08,Early Payment Default,Transaction Fraud,71,High,Behavioral Analysis,No payments made since disbursement,Loan defaulted within first 3 months. DPD: 57 days,COLLECT12,Confirmed,Fraud confirmed after investigation. Loan written off,2026-02-06 22:32:48.162480,1658714.38
FRD12195C52E1,LOAN0000008803,CUST00012788,,2026-02-12,Early Payment Default,Transaction Fraud,80,Critical,Behavioral Analysis,Immediate delinquency pattern,Loan defaulted within first 3 months. DPD: 141 days,COLLECT01,In Progress,,,217326.4
FRD9EA92EEFC1,LOAN0000009120,CUST00003192,,2026-02-09,Early Payment Default,Transaction Fraud,66,High,Behavioral Analysis,Immediate delinquency pattern,Loan defaulted within first 3 months. DPD: 162 days,COLLECT01,Confirmed,Fraud confirmed after investigation. Loan written off,2026-02-05 22:32:48.162482,304820.66
FRDAB6C399CE7,LOAN0000009175,CUST00001021,,2026-02-06,Early Payment Default,Transaction Fraud,67,High,Behavioral Analysis,Immediate delinquency pattern,Loan defaulted within first 3 months. DPD: 58 days,COLLECT25,New,,,1599654.84
FRDCD545FB0CD,LOAN0000009559,CUST00005755,,2026-02-08,Early Payment Default,Transaction Fraud,65,High,Behavioral Analysis,Immediate delinquency pattern,Loan defaulted within first 3 months. DPD: 31 days,COLLECT04,Confirmed,Fraud confirmed after investigation. Recovery in progress,2026-01-27 22:32:48.162484,476789.42
FRD6E682D820B,LOAN0000009752,CUST00024474,,2026-02-09,Early Payment Default,Transaction Fraud,73,High,Behavioral Analysis,Immediate delinquency pattern,Loan defaulted within first 3 months. DPD: 46 days,COLLECT27,Confirmed,Fraud confirmed after investigation. Recovery in progress,2026-02-05 22:32:48.162487,456788.86
FRD2E052DFC77,LOAN0000000428,CUST00007669,,2026-02-12,Early Payment Default,Transaction Fraud,84,Critical,Behavioral Analysis,Default within first 3 months,Loan defaulted within first 3 months. DPD: 102 days,COLLECT15,New,,,433117.77
FRDC60D3A8E35,LOAN0000000911,CUST00013815,,2026-02-08,Early Payment Default,Transaction Fraud,77,High,Behavioral Analysis,Default within first 3 months,Loan defaulted within first 3 months. DPD: 34 days,COLLECT27,New,,,1410108.26
FRD98145E6574,LOAN0000000985,CUST00003026,,2026-02-12,Early Payment Default,Transaction Fraud,77,High,Behavioral Analysis,No payments made since disbursement,Loan defaulted within first 3 months. DPD: 63 days,COLLECT14,Confirmed,Fraud confirmed after investigation. Recovery in progress,2026-02-12 22:32:48.162489,3320766.98
FRD4B91717089,LOAN0000002364,CUST00020201,,2026-02-11,Early Payment Default,Transaction Fraud,78,High,Behavioral Analysis,Default within first 3 months,Loan defaulted within first 3 months. DPD: 54 days,COLLECT11,In Progress,,,1058823.46
FRD8141F85506,LOAN0000002456,CUST00023016,,2026-02-10,Early Payment Default,Transaction Fraud,64,High,Behavioral Analysis,Default within first 3 months,Loan defaulted within first 3 months. DPD: 33 days,COLLECT29,New,,,762040.94
FRDFD339AE5C3,LOAN0000002884,CUST00019385,,2026-02-11,Early Payment Default,Transaction Fraud,66,High,Behavioral Analysis,No payments made since disbursement,Loan defaulted within first 3 months. DPD: 36 days,COLLECT30,In Progress,,,128518.04
FRD577EFF0860,LOAN0000003255,CUST00008422,,2026-02-12,Early Payment Default,Transaction Fraud,61,High,Behavioral Analysis,No payments made since disbursement,Loan defaulted within first 3 months. DPD: 42 days,COLLECT26,Confirmed,Fraud confirmed after investigation. Loan written off,2026-01-18 22:32:48.162491,1289406.33
FRD5A69FC4254,LOAN0000004213,CUST00024243,,2026-02-12,Early Payment Default,Transaction Fraud,80,Critical,Behavioral Analysis,No payments made since disbursement,Loan defaulted within first 3 months. DPD: 149 days,COLLECT28,Confirmed,Fraud confirmed after investigation. Loan written off,2026-02-06 22:32:48.162493,1224918.72
FRD779FC91E72,LOAN0000004245,CUST00018183,,2026-02-10,Early Payment Default,Transaction Fraud,65,High,Behavioral Analysis,Immediate delinquency pattern,Loan defaulted within first 3 months. DPD: 41 days,COLLECT22,Confirmed,Fraud confirmed after investigation. Recovery in progress,2026-02-09 22:32:48.162495,3350479.08
FRDC6560E9CD7,LOAN0000004554,CUST00022856,,2026-02-10,Early Payment Default,Transaction Fraud,80,Critical,Behavioral Analysis,No payments made since disbursement,Loan defaulted within first 3 months. DPD: 103 days,COLLECT11,New,,,1198288.03
FRD0EA788091E,LOAN0000004634,CUST00004339,,2026-02-12,Early Payment Default,Transaction Fraud,76,High,Behavioral Analysis,No payments made since disbursement,Loan defaulted within first 3 months. DPD: 56 days,COLLECT18,New,,,1916667.44
